task_id,bucket_id,name,description,status,project_id,assigned_user_id
bbbbbbbb-0000-0000-0000-000000000001,,Optimize Database,Optimize the database to improve performance.,In Progress,aaaaaaaa-0000-0000-0000-000000000001,cccccccc-0000-0000-0000-000000000002
bbbbbbbb-0000-0000-0000-000000000002,,Create New Logo,Design a new logo for the website.,Not Started,aaaaaaaa-0000-0000-0000-000000000001,cccccccc-0000-0000-0000-000000000003
bbbbbbbb-0000-0000-0000-000000000003,,Develop User Authentication,Implement user authentication for the mobile app.,In Progress,aaaaaaaa-0000-0000-0000-000000000002,cccccccc-0000-0000-0000-000000000004
bbbbbbbb-0000-0000-0000-000000000004,,Design Marketing Materials,Create brochures and flyers for the campaign.,Not Started,aaaaaaaa-0000-0000-0000-000000000002,cccccccc-0000-0000-0000-000000000005
bbbbbbbb-0000-0000-0000-000000000005,,Set Up Analytics,Integrate analytics tools to track user behavior.,In Progress,aaaaaaaa-0000-0000-0000-000000000003,cccccccc-0000-0000-0000-000000000006
bbbbbbbb-0000-0000-0000-000000000006,,Update Website Content,Revise and update the content on the website.,Completed,aaaaaaaa-0000-0000-0000-000000000003,cccccccc-0000-0000-0000-000000000007
bbbbbbbb-0000-0000-0000-000000000007,,Test Mobile App,Conduct thorough testing of the mobile application.,In Progress,aaaaaaaa-0000-0000-0000-000000000004,cccccccc-0000-0000-0000-000000000008
bbbbbbbb-0000-0000-0000-000000000008,,Launch Marketing Campaign,Execute the marketing campaign across various channels.,Not Started,aaaaaaaa-0000-0000-0000-000000000004,cccccccc-0000-0000-0000-000000000002
bbbbbbbb-0000-0000-0000-000000000009,,Develop API,Create an API for the mobile app to interact with the backend.,In Progress,aaaaaaaa-0000-0000-0000-000000000004,cccccccc-0000-0000-0000-000000000003
