user_id, bucket_id, name, email
cccccccc-0000-0000-0000-000000000001,,John Doe,john.doe@example.com
cccccccc-0000-0000-0000-000000000002,,Jane Smith,jane.smith@example.com
cccccccc-0000-0000-0000-000000000003,,Michael Brown,michael.brown@example.com
cccccccc-0000-0000-0000-000000000004,,Emily Davis,emily.davis@example.com
cccccccc-0000-0000-0000-000000000005,,David Wilson,david.wilson@example.com
cccccccc-0000-0000-0000-000000000006,,Emma Johnson,emma.johnson@example.com
cccccccc-0000-0000-0000-000000000007,,James Martinez,james.martinez@example.com
cccccccc-0000-0000-0000-000000000008,,Olivia Garcia,olivia.garcia@example.com
cccccccc-0000-0000-0000-000000000009,,Robert Rodriguez,robert.rodriguez@example.com
cccccccc-0000-0000-0000-00000000000a,,Ava Martinez,ava.martinez@example.com
