user_id,bucket_id,name,email
00002b7d-2553-4124-bfcf-6133cf6f3abf,6182,john_doe 885,john.doe885@example.com
00008487-6571-47ad-b48f-664885d052ec,13153,john_doe 807,john.doe807@example.com
0000bba7-203a-41f1-9612-bf76e4622fc0,2044,john_doe 860,john.doe860@example.com
0000d528-8de9-43f4-86df-c5fdfaa9253f,4693,john_doe 771,john.doe771@example.com
0000d920-b0e5-4a55-9d65-d47c86ef40b6,13453,john_doe 600,john.doe600@example.com
0001e426-a84c-438a-a972-d0663beee0c1,8256,john_doe 492,john.doe492@example.com
00021708-ff92-484c-b3c2-7c3222e7b38a,4573,john_doe 988,john.doe988@example.com
00021ba3-a140-4774-b56c-8f9ef86f2722,2194,john_doe 852,john.doe852@example.com
00023fb8-606a-4b77-8709-8fcaced3c660,13266,john_doe 622,john.doe622@example.com
00024274-ea8e-4862-b6b7-1caa9d4ad30b,6941,john_doe 189,john.doe189@example.com
00026978-8b43-4ad2-a148-a6e17ae10e08,14438,john_doe 410,john.doe410@example.com
0002808e-335d-4b2e-a5df-56addd3472c0,10580,john_doe 48,john.doe48@example.com
0002a5db-3736-4960-b23c-ff6b0d3fab7b,1084,john_doe 964,john.doe964@example.com
0002ab7a-0e30-43c3-a05a-7157efb34f89,13621,john_doe 202,john.doe202@example.com
0002ba51-9c71-4402-b8d5-e4e69c069eaf,8424,john_doe 665,john.doe665@example.com
0002c66d-bab0-4340-829b-78ef98190081,7469,john_doe 345,john.doe345@example.com
00030b1a-d9f7-4185-aa45-81895d3ecaaa,4795,john_doe 958,john.doe958@example.com
00030c7c-5731-4460-a993-2ec59e000205,14486,john_doe 266,john.doe266@example.com
000330ba-b875-442e-b566-53b066440761,2586,john_doe 474,john.doe474@example.com
00033fb8-08ef-45ef-90a5-8d16e9cfa53f,11753,john_doe 660,john.doe660@example.com
00036643-457b-49c3-a8e2-c887291ad6ae,5293,john_doe 391,john.doe391@example.com
00036ad8-6bf6-48c2-bdb5-d87cd10e5241,1120,john_doe 784,john.doe784@example.com
0003792c-1027-4a7f-aad2-67f498276bef,683,john_doe 935,john.doe935@example.com
0003904f-3fdf-4d90-8b31-e0edc6c96e08,6545,john_doe 928,john.doe928@example.com
000398ef-641c-4223-99e1-c39fc24a5c43,1688,john_doe 946,john.doe946@example.com
0003eb10-480c-4143-aa93-62c0787cc99a,9444,john_doe 946,john.doe946@example.com
0004505f-0e98-42f9-b8f9-9e412243f879,7699,john_doe 374,john.doe374@example.com
000457ce-6741-49aa-a82d-96a0762c45d6,11178,john_doe 812,john.doe812@example.com
00046414-50a8-4b00-a3fa-83e415811d47,5882,john_doe 504,john.doe504@example.com
000468f0-d321-4d94-b0b6-e8968e073c2d,4849,john_doe 854,john.doe854@example.com
0004cf10-5ff2-4bab-977c-0501d8a407f4,10372,john_doe 60,john.doe60@example.com
0004f5b4-7643-4c4d-9f50-4dd224e37b34,6787,john_doe 35,john.doe35@example.com
00050772-953d-464d-8e2e-9c6862dd74ae,12772,john_doe 395,john.doe395@example.com
00051a6c-3ffd-4ab8-85b3-df3b443e8627,7001,john_doe 950,john.doe950@example.com
00053b42-6c7c-4a32-9568-7a22aa451d37,11774,john_doe 601,john.doe601@example.com
0005426e-e2d4-4535-a44d-eb9f3e643bd0,4820,john_doe 360,john.doe360@example.com
000544d9-ddb4-435f-a31c-aa431b389a06,8414,john_doe 140,john.doe140@example.com
0005663b-005d-47f6-8f68-54915856ad51,12906,john_doe 378,john.doe378@example.com
000568d2-0834-447e-80be-87d7d933bae3,9185,john_doe 454,john.doe454@example.com
0005be7a-d277-484f-9adc-cd8b8c44713a,1474,john_doe 576,john.doe576@example.com
0005c769-e6bf-4f87-a47b-a66168e0c78c,1833,john_doe 1000,john.doe1000@example.com
00060c50-7525-4d91-b629-6c3d6f27840f,10209,john_doe 172,john.doe172@example.com
000629fa-15e6-4879-8044-e39f66620eb9,119,john_doe 214,john.doe214@example.com
00064703-37e9-44bf-94d0-b502aa25b3ea,7116,john_doe 524,john.doe524@example.com
0006cfa2-bb89-446a-b09f-9dd01f741981,5321,john_doe 281,john.doe281@example.com
0006ded5-e2f9-4370-94c0-e85604674185,4936,john_doe 527,john.doe527@example.com
0007291b-cf86-41c9-9fd2-ca40c9a71249,10149,john_doe 335,john.doe335@example.com
00079054-7757-49ff-bf13-f2866e4911cb,8659,john_doe 301,john.doe301@example.com
00079cd7-c9bd-4e2e-ae7b-942aa6224f0c,5835,john_doe 416,john.doe416@example.com
0007a3d5-362e-4a99-902f-9eb3b2f4805e,4980,john_doe 814,john.doe814@example.com
0007fd85-3ba9-4404-8a00-e7da3f38c15c,6309,john_doe 234,john.doe234@example.com
00083751-b733-48af-ba6e-eb366bdf00e9,4542,john_doe 448,john.doe448@example.com
0008abde-dad9-485e-8215-3d7d1f0d335e,3018,john_doe 213,john.doe213@example.com
0008d8be-26b4-4fd8-9e54-2fedd0d6b0d6,5837,john_doe 934,john.doe934@example.com
0008dfdb-97e9-4a41-8487-ce6f131c72d0,9464,john_doe 762,john.doe762@example.com
000980a4-b196-49b9-ab3d-3abd23a72b48,5547,john_doe 710,john.doe710@example.com
00098910-be9b-4226-9b4d-e3cf0df3ce5e,2304,john_doe 362,john.doe362@example.com
00098af4-d6e2-472e-906a-94c3b68059ff,13264,john_doe 726,john.doe726@example.com
0009919c-eafd-4be6-b700-2e6817fcb545,276,john_doe 541,john.doe541@example.com
000a4827-884f-408d-a77d-d0f6d2142b89,13593,john_doe 558,john.doe558@example.com
000a7348-3f91-4ccc-b33a-a290b26855e4,2326,john_doe 220,john.doe220@example.com
000aa368-f388-4786-97c9-aefc44ed5d47,7053,john_doe 808,john.doe808@example.com
000adcb9-cbd1-4e81-ab78-dbbe1e027171,277,john_doe 95,john.doe95@example.com
000aec33-c077-4200-9235-09ae8fc46650,11529,john_doe 554,john.doe554@example.com
000af3bc-0012-4d3c-96d3-aad0460ecd68,4276,john_doe 442,john.doe442@example.com
000b04a3-be16-4908-964a-9b5246629037,4604,john_doe 174,john.doe174@example.com
000b3aec-8e7a-4fd2-84dc-5774b132098c,4428,john_doe 643,john.doe643@example.com
000b9637-f3d7-4dd5-a594-d9cce14b1c06,13344,john_doe 928,john.doe928@example.com
000bfc61-85cf-4ed2-8013-0263aeba2b46,10017,john_doe 350,john.doe350@example.com
000c570a-9285-4d95-8285-98f9449e3cc3,13514,john_doe 388,john.doe388@example.com
000c7f03-6147-45d4-8d40-b302ae02cc50,7410,john_doe 789,john.doe789@example.com
000ca850-0098-4d91-adf1-1e7aa2f928f2,13080,john_doe 975,john.doe975@example.com
000cbd76-2e25-42f9-88b3-bd9ac371f7c2,667,john_doe 767,john.doe767@example.com
000d1a26-c178-4418-8fe4-7ce5942035d4,5468,john_doe 699,john.doe699@example.com
000d681d-3479-415d-85ed-89e733c0b5b9,1427,john_doe 878,john.doe878@example.com
000d7f97-d738-4060-82ad-a86f70a67003,202,john_doe 858,john.doe858@example.com
000d9e28-e47a-4f7f-84f4-6a0bc69b928f,7846,john_doe 243,john.doe243@example.com
000e491f-afc8-47ae-8527-f776dbb13733,10808,john_doe 135,john.doe135@example.com
000ea0c2-b1fb-4b78-9c1b-75ad99f2fb3b,5198,john_doe 944,john.doe944@example.com
000eae3d-4792-48c3-89fe-f93745e23c64,6400,john_doe 131,john.doe131@example.com
000eb4e1-7a84-4be6-9465-b66eded66e06,995,john_doe 355,john.doe355@example.com
000f2f24-3514-4ce3-b5d5-2d0ddcb7e531,13861,john_doe 560,john.doe560@example.com
000f3769-7f30-4810-ad8f-c2789a06125d,13099,john_doe 518,john.doe518@example.com
000fa741-8a70-46cf-a0a8-93e9fc0751c6,7439,john_doe 685,john.doe685@example.com
000fba47-25e7-4cc7-be6f-d12905ab419d,7974,john_doe 979,john.doe979@example.com
000fed25-77c6-4ba9-a915-664f52391829,9316,john_doe 136,john.doe136@example.com
000feef9-75fe-4f94-bf26-ab20a0f1b7eb,10556,john_doe 707,john.doe707@example.com
0010177a-e114-4d89-bc09-0ca3c5a98094,8962,john_doe 512,john.doe512@example.com
00102807-4195-482a-be04-e20007808f58,7568,john_doe 682,john.doe682@example.com
0010657a-6df8-482d-8dc6-7213c70a203d,3849,john_doe 13,john.doe13@example.com
0010922b-c2f7-4f96-8127-53c9d37b8984,11371,john_doe 634,john.doe634@example.com
0010ebd5-eee1-442b-b0b3-5e0d4ccd4e37,3248,john_doe 484,john.doe484@example.com
00110013-5a96-46a4-a2c2-cef8598a37d4,4238,john_doe 283,john.doe283@example.com
0011077e-7679-4c09-ab65-de14b4229831,14856,john_doe 741,john.doe741@example.com
00112ec3-adff-4bfe-96f5-09208bc20e8a,8953,john_doe 753,john.doe753@example.com
00116436-1442-4666-84db-d7a371f20a3b,9971,john_doe 904,john.doe904@example.com
00118edf-a82f-43d4-b6d5-eb8bfdab224c,12968,john_doe 261,john.doe261@example.com
0011bdef-2a1b-4806-832d-e601b06e15f2,3456,john_doe 343,john.doe343@example.com
0011c66a-9cb6-413a-9d1a-2e8a6d201043,10341,john_doe 435,john.doe435@example.com
0012090e-9abf-45da-b0c7-fb1c579bd5bd,7010,john_doe 38,john.doe38@example.com
00124c4a-7282-46cb-b633-782620a1d3b8,1974,john_doe 167,john.doe167@example.com
00126a74-14b6-4682-a907-de9bd05209d4,14138,john_doe 413,john.doe413@example.com
0012ac34-3032-4225-bba4-5ae98b72e0de,2190,john_doe 185,john.doe185@example.com
0012bbb5-79c1-47cf-8255-87adc94cca04,1721,john_doe 821,john.doe821@example.com
0013083f-dcad-4697-9a99-181da7d2f363,8329,john_doe 973,john.doe973@example.com
001311b8-24be-498c-a108-2d054386d59a,10860,john_doe 492,john.doe492@example.com
00133d23-1e8e-40ae-9b18-f9b8f59f4618,321,john_doe 476,john.doe476@example.com
00134929-4f3c-4305-9ca2-b8cd4b3a3bc9,3461,john_doe 548,john.doe548@example.com
00139e16-4507-4c5b-ba97-794f612d4f2e,6449,john_doe 932,john.doe932@example.com
00139f76-fdd4-4c45-b728-051a84be4da3,2025,john_doe 500,john.doe500@example.com
0013aae8-b5c6-4fd0-9721-b549a7e38340,2375,john_doe 709,john.doe709@example.com
0013b99a-9b36-4437-a509-299850d8f3b7,11439,john_doe 69,john.doe69@example.com
00140fc1-ed55-42ff-ac14-0a551673b16c,5105,john_doe 429,john.doe429@example.com
00141596-0c0a-4f6c-989c-7558cd3e1115,2417,john_doe 801,john.doe801@example.com
001441f4-aca6-4ecb-8f08-d33344e5462d,1770,john_doe 577,john.doe577@example.com
001480e8-35dd-4c5b-b716-319931c0d3dc,11314,john_doe 888,john.doe888@example.com
0014c329-e3bb-48ee-b289-6cbba1852827,4079,john_doe 652,john.doe652@example.com
0014eb21-6338-46d7-92ba-e85537092e38,7533,john_doe 540,john.doe540@example.com
00150e34-bb32-42a6-9f8c-725332aef672,11363,john_doe 754,john.doe754@example.com
00151567-ef7d-4b1e-931a-f4032f93a01d,9746,john_doe 902,john.doe902@example.com
00151fa7-d53f-4040-a36d-fa734a6acd1c,4197,john_doe 599,john.doe599@example.com
0015324f-dd30-4126-89ce-315298276678,13463,john_doe 35,john.doe35@example.com
00154fc5-23a4-4616-a9d3-0a5c5420552f,9329,john_doe 669,john.doe669@example.com
00157c2d-3def-4999-b85e-e68ec0234a5f,12472,john_doe 234,john.doe234@example.com
0015baba-eaf7-40cc-b644-620bb345f28c,3408,john_doe 35,john.doe35@example.com
001621d5-b4d8-4c44-ae46-8e708a4bb292,13539,john_doe 74,john.doe74@example.com
00165a49-7553-474a-a701-b2d10027560c,11404,john_doe 632,john.doe632@example.com
0016c49c-c024-406e-b024-ccace9e0e1df,6488,john_doe 669,john.doe669@example.com
0016d9f7-8d92-4b61-a6c7-1faa75a2803e,11136,john_doe 467,john.doe467@example.com
001710d4-87a6-4309-9eaa-bb84327fc9c5,1573,john_doe 216,john.doe216@example.com
00173b7e-b763-473e-92ac-0f06acc196a7,541,john_doe 116,john.doe116@example.com
001762f9-af12-414e-8771-4d07ab8cc571,10859,john_doe 706,john.doe706@example.com
00176417-8f81-43e4-bfda-52f5658653ab,4006,john_doe 16,john.doe16@example.com
00179193-e92b-462b-87ec-5a5e015902dc,10067,john_doe 177,john.doe177@example.com
0017e931-bd4d-47e9-a9e4-b6482c9087db,3686,john_doe 301,john.doe301@example.com
00180309-064c-4f5c-9b3c-195dfb45e1d0,12477,john_doe 169,john.doe169@example.com
0018332d-13f1-49a2-bc37-db0b1adcdd8c,11477,john_doe 401,john.doe401@example.com
00188f08-3149-4056-b896-0fa57d03d055,9863,john_doe 874,john.doe874@example.com
0018a51a-3714-4d93-ad37-1078aaf96638,11906,john_doe 716,john.doe716@example.com
0018f1da-d116-4768-bb5d-8d8809116c65,11846,john_doe 228,john.doe228@example.com
00190a6b-877c-4ee3-a82d-ac3455092b09,14060,john_doe 406,john.doe406@example.com
00192202-b8d8-421a-adfe-8aef06d0d47d,8022,john_doe 415,john.doe415@example.com
0019394f-4bd8-439a-951d-e0beab0d334f,1928,john_doe 589,john.doe589@example.com
0019476e-203b-4a29-8be7-d8d7b5b0b512,2067,john_doe 175,john.doe175@example.com
00198ac0-278e-4dde-aaf1-cfa9f59465f6,1399,john_doe 905,john.doe905@example.com
00198d96-2bcb-4455-b502-fd47056886b9,3382,john_doe 999,john.doe999@example.com
0019b16a-fefd-4e23-8e75-106828081863,11626,john_doe 574,john.doe574@example.com
0019b2ef-0970-4b6c-b641-ef5ee574b94c,9713,john_doe 152,john.doe152@example.com
0019b78d-3362-4042-9d22-81771fd18668,14476,john_doe 517,john.doe517@example.com
001a0ccb-34b5-4e01-be21-513f5ead1003,9004,john_doe 979,john.doe979@example.com
001a120f-597e-435b-8d89-bb211edf48bd,3347,john_doe 436,john.doe436@example.com
001aad7b-7da4-46ba-a045-4c51dbedda21,8339,john_doe 611,john.doe611@example.com
001ad1d8-2692-419d-b872-c4a1b67ce4e6,13079,john_doe 673,john.doe673@example.com
001b0039-c13f-491e-aba6-f5c1ff03631e,2504,john_doe 419,john.doe419@example.com
001b0332-c668-4c63-a83e-f94de65e06f5,8662,john_doe 720,john.doe720@example.com
001b5ca1-865c-410a-9970-bc24966f99d2,212,john_doe 877,john.doe877@example.com
001b6bf0-6258-49dc-8e12-3cd08ee02b61,9362,john_doe 753,john.doe753@example.com
001b91ab-5812-4065-aff3-dda5ecda906d,13720,john_doe 849,john.doe849@example.com
001be248-0884-4f6a-bcdd-3e1712db5690,1759,john_doe 465,john.doe465@example.com
001bfccd-b7a9-4bd8-814d-e32b805de702,7921,john_doe 627,john.doe627@example.com
001c4bac-8f54-4881-814e-143cd0f83a49,13961,john_doe 599,john.doe599@example.com
001c6fc9-ecd3-4584-95b8-9db47fcf5798,4778,john_doe 15,john.doe15@example.com
001cd155-aaf9-4940-b136-9785d49ae0a8,12551,john_doe 375,john.doe375@example.com
001d24ac-a42c-4ec9-bc58-a7a0e3958afe,763,john_doe 303,john.doe303@example.com
001d571b-b3a6-4ad8-9a32-95e1961a0889,6905,john_doe 340,john.doe340@example.com
001d6a37-8b55-4894-8dbf-9573c924a026,14990,john_doe 581,john.doe581@example.com
001d83c7-c27f-4635-b0b0-22bfbb2755bf,7851,john_doe 522,john.doe522@example.com
001d9a0d-9fa6-4854-a8c9-05a4c8bdeff8,11782,john_doe 174,john.doe174@example.com
001d9dbb-dd48-4748-9d36-8b2777bbb6e3,7077,john_doe 138,john.doe138@example.com
001dfeb9-2d2c-4117-9337-b318d3f38824,14862,john_doe 430,john.doe430@example.com
001e764b-d669-4ef8-bba9-8e65037c4614,9263,john_doe 368,john.doe368@example.com
001ec557-1ed1-4f91-bb48-c0d5e1daf246,4816,john_doe 67,john.doe67@example.com
001ed5d8-0bb4-4fc1-8c13-3634ef27cb6d,9886,john_doe 519,john.doe519@example.com
001ee60a-c8f4-4d47-b372-5f71e32efb85,10339,john_doe 59,john.doe59@example.com
001ee933-7ff0-48f5-b07c-c87a86440caa,14770,john_doe 588,john.doe588@example.com
001f5e7b-739d-42c6-8b8a-edda7497b159,11578,john_doe 767,john.doe767@example.com
001f8cee-9692-473a-9927-a46dc85e4dae,8599,john_doe 341,john.doe341@example.com
001fb5ab-b934-43bb-acb7-5348e65ff35e,12421,john_doe 328,john.doe328@example.com
001fd06c-a034-416c-869a-953bb0479b1b,2275,john_doe 385,john.doe385@example.com
001fdb87-8a52-415b-b40c-ca97e55e1120,11915,john_doe 644,john.doe644@example.com
0020014d-45a0-486e-ae63-d6a558d14515,8719,john_doe 37,john.doe37@example.com
00200af5-8c90-4837-a7fb-b795a5633fa8,2313,john_doe 797,john.doe797@example.com
002050b8-4fae-44ca-915b-cff70d81413d,5885,john_doe 720,john.doe720@example.com
00207eba-9519-4cb0-979c-a91a12ca5c59,6715,john_doe 345,john.doe345@example.com
00209537-2b81-488e-9377-1c2e62b4943b,8384,john_doe 698,john.doe698@example.com
0020a37c-a276-42ea-abcc-a6a43f61d0c1,6849,john_doe 453,john.doe453@example.com
0020d66b-980b-4ce3-ab70-8cc22ebbfd5d,6405,john_doe 451,john.doe451@example.com
0020e36b-aa41-46c4-a161-57fd08209ae0,14454,john_doe 449,john.doe449@example.com
0020f2d6-2f9a-49bd-9565-8a6e356183e7,831,john_doe 364,john.doe364@example.com
002148b7-f134-4f1d-a566-51f1ddc8f2f6,8696,john_doe 529,john.doe529@example.com
00217436-bc3f-47a6-8c4d-c7f95d176c5d,4357,john_doe 518,john.doe518@example.com
0021993f-ed7f-4aa2-afc0-6f1bec9e47ef,4154,john_doe 197,john.doe197@example.com
00220787-5e21-492d-8f30-96dd00ded196,9261,john_doe 679,john.doe679@example.com
00229659-6e21-466e-a2af-32fe1536ea18,8614,john_doe 932,john.doe932@example.com
00229f49-c2d3-4240-a731-d07f00d7eab3,12643,john_doe 100,john.doe100@example.com
0022cd17-c1a1-4538-96f1-58518eb31859,10451,john_doe 788,john.doe788@example.com
0022eb0d-4a7c-4b51-ad5f-be58d48bdded,8873,john_doe 599,john.doe599@example.com
0022f173-812c-4027-a238-0b981a9ee91c,14221,john_doe 589,john.doe589@example.com
00232cf0-cedd-4098-9f62-5857b3465a60,10454,john_doe 680,john.doe680@example.com
00233fde-6050-4aae-9800-e092d9a3477b,1791,john_doe 919,john.doe919@example.com
0023723a-5123-4ad8-b81e-523de6b53d06,5592,john_doe 857,john.doe857@example.com
00242694-34c5-4b78-a57b-4e6ea562c015,13963,john_doe 590,john.doe590@example.com
00242faa-dff5-4c4a-95de-14f433fc0399,3149,john_doe 849,john.doe849@example.com
00243eea-faf8-48d6-bd53-9ae6af97c1ff,13366,john_doe 610,john.doe610@example.com
002459a8-6e2f-4872-9712-fadf0e54f90c,14741,john_doe 714,john.doe714@example.com
00246cd6-31cd-42b8-9a41-5caac9925d29,3456,john_doe 277,john.doe277@example.com
0024e0fc-8aa6-4dc0-aae0-efe95bc00268,1072,john_doe 745,john.doe745@example.com
002501c0-9ace-471e-8f39-8ed01a269880,10449,john_doe 85,john.doe85@example.com
00250c5c-b4e0-470d-a51f-bc890d69ba50,9400,john_doe 296,john.doe296@example.com
00252c65-249a-44ae-a99c-5efbdae4927f,12201,john_doe 233,john.doe233@example.com
00253802-0991-42c5-b2aa-05e1489824fb,9340,john_doe 904,john.doe904@example.com
00256cfd-c81a-4beb-97e0-79a10786132b,3239,john_doe 45,john.doe45@example.com
002584bd-c2a2-4958-b6cc-d0f0a8485c42,12358,john_doe 568,john.doe568@example.com
0025ab77-4070-4652-b7a7-09c13fca0d8d,10249,john_doe 755,john.doe755@example.com
0025bdbc-6f6a-49b9-acb9-743045388a69,2662,john_doe 778,john.doe778@example.com
0025c0a7-0eb9-4831-9d91-2380c5dd466a,14567,john_doe 152,john.doe152@example.com
0025c6de-2cf3-449e-956a-b8572a9a9bc2,5018,john_doe 822,john.doe822@example.com
00260797-93f7-4c69-8e4d-bb9aa742de3e,8660,john_doe 550,john.doe550@example.com
0026990d-0a71-4ab7-8747-23dace4a4179,6786,john_doe 630,john.doe630@example.com
0026d00b-6ecf-4f16-a43c-33118d421c03,1538,john_doe 759,john.doe759@example.com
002754bf-f6eb-4e21-bdc2-af65a22367dc,9960,john_doe 530,john.doe530@example.com
002786ff-cbb3-4bf7-9833-57d156e57b5c,8384,john_doe 876,john.doe876@example.com
00278c97-75b9-452e-9c9b-cf229b63b483,9405,john_doe 276,john.doe276@example.com
00279512-95e5-4b17-b543-2bf099968d02,12226,john_doe 522,john.doe522@example.com
0027d1b9-51c7-4afe-9809-7f41c862d928,6301,john_doe 40,john.doe40@example.com
0027ecf8-a3fb-4126-9095-5a1688d242af,3482,john_doe 257,john.doe257@example.com
00280355-4aa9-488a-8483-22dd1978aac2,6256,john_doe 281,john.doe281@example.com
00285150-6dde-4a4f-ad5d-d5852cae9abe,5384,john_doe 540,john.doe540@example.com
00289f70-f83f-4545-9486-637215054402,1494,john_doe 418,john.doe418@example.com
0028abb2-45fd-41cd-9a14-52d25a7ffb60,13447,john_doe 367,john.doe367@example.com
0028fe9a-c6a6-4f9d-b7fd-6710ba45266d,10905,john_doe 915,john.doe915@example.com
0029238b-70a3-470e-b904-b74803a39341,13649,john_doe 751,john.doe751@example.com
002929da-cc16-4ae0-b363-b95fd1ce29a0,13014,john_doe 192,john.doe192@example.com
002931fa-0df6-4d4e-a9f3-91d2d74e1508,3739,john_doe 337,john.doe337@example.com
002952c8-2887-4187-a61c-a06690edb32d,1163,john_doe 258,john.doe258@example.com
00298b6c-2f4a-4228-b700-785f4d1b9042,2391,john_doe 708,john.doe708@example.com
00299918-b401-4e55-8752-aa9fca854cac,6554,john_doe 831,john.doe831@example.com
0029d736-3229-4aa9-a07b-dda8099595dc,747,john_doe 605,john.doe605@example.com
0029f22c-c40e-4c00-9890-0ba25d1691f6,12658,john_doe 493,john.doe493@example.com
0029f22e-3107-48d6-bda3-26df7f4c5ad5,12352,john_doe 621,john.doe621@example.com
0029ff1b-0217-4782-b192-cbb648fd3103,146,john_doe 896,john.doe896@example.com
002a5102-cc22-4019-84d8-b46f5d29ad90,14992,john_doe 557,john.doe557@example.com
002a69f8-4dda-441c-a2ce-f97a4d2b15eb,1921,john_doe 238,john.doe238@example.com
002a83f6-5cd3-4e49-91f9-77eb054804d3,8291,john_doe 182,john.doe182@example.com
002ac464-fb2a-430a-bc1e-d862a895934a,11558,john_doe 550,john.doe550@example.com
002b01b0-9821-4805-b0f9-8b0856ff0384,9796,john_doe 280,john.doe280@example.com
002b2854-b3a8-4acb-a9bd-cb334a4dd855,11636,john_doe 544,john.doe544@example.com
002b8497-ead6-4551-b970-16b91f4f704a,7115,john_doe 183,john.doe183@example.com
002bac6a-cf59-4694-aafb-fff59a5d33c7,5680,john_doe 235,john.doe235@example.com
002bf9cc-e221-45c9-acad-c02b7ee5051d,12305,john_doe 516,john.doe516@example.com
002c0ff6-c4c9-4aac-b8d1-0cf9159662a9,1534,john_doe 657,john.doe657@example.com
002c1ea2-0439-469f-9991-0746cbbb3eab,4305,john_doe 776,john.doe776@example.com
002c214f-645c-4cd5-b7f3-bc4492270713,4429,john_doe 773,john.doe773@example.com
002c2237-6347-42be-9cca-6347fbd068fe,8111,john_doe 511,john.doe511@example.com
002c4e73-0193-48e8-84f5-fe7db0523563,4835,john_doe 414,john.doe414@example.com
002c5b0e-e52f-4c7b-9264-26f03855cf68,7978,john_doe 194,john.doe194@example.com
002c6332-284a-4ea5-b306-b53369ec007c,8542,john_doe 227,john.doe227@example.com
002c6722-62d7-46e4-92ae-12684efd20f1,13335,john_doe 176,john.doe176@example.com
002cc3b6-7b8a-49e1-b8d8-06077fc05fb7,900,john_doe 358,john.doe358@example.com
002d3d89-49a5-4cec-a77b-4956e1bdad00,11404,john_doe 954,john.doe954@example.com
002dbc0b-e1a8-4172-ae85-2bc1633f03ba,14531,john_doe 162,john.doe162@example.com
002decdd-9220-4ccd-965e-89a5fd81e525,14576,john_doe 509,john.doe509@example.com
002e4b79-373f-41d8-abc6-7128942fc87e,10594,john_doe 455,john.doe455@example.com
002eb54c-fe44-45e2-80aa-be0e14e81608,14824,john_doe 38,john.doe38@example.com
002f5707-383c-4e09-bd91-55ba0345e0c8,13597,john_doe 358,john.doe358@example.com
002fa818-94df-4e89-ac72-4955a036a012,8890,john_doe 819,john.doe819@example.com
003025cb-5389-4813-a85f-b11ac4bfcc3b,8727,john_doe 373,john.doe373@example.com
0030ad74-8809-4b14-b1ce-5a016a194f6c,10341,john_doe 381,john.doe381@example.com
0030b36b-a256-4eac-892e-09f36a2c0a14,8925,john_doe 876,john.doe876@example.com
0030b534-4e47-4409-bb6b-7b526ab02ab5,13426,john_doe 926,john.doe926@example.com
003132e7-d209-4cf8-89d3-b6d9b0b0e564,9623,john_doe 117,john.doe117@example.com
00314918-dec4-49a8-9914-beee177b0d23,7134,john_doe 483,john.doe483@example.com
00317b43-a613-4a86-937a-03f673429a37,6354,john_doe 402,john.doe402@example.com
00318ce4-758c-4c8b-862d-815415553897,727,john_doe 100,john.doe100@example.com
00319f5d-682b-4908-b877-0b0d3c41f600,2113,john_doe 20,john.doe20@example.com
0032058f-341f-4794-96de-40f8ef4752f5,4767,john_doe 129,john.doe129@example.com
00325ce0-a540-4c8c-b929-1ee5ee489632,9333,john_doe 977,john.doe977@example.com
0032643c-b94d-4e9b-b13e-89dc37869137,2097,john_doe 112,john.doe112@example.com
003296be-18e5-4749-ad08-935a647e79b8,2075,john_doe 429,john.doe429@example.com
0032aba0-e173-47dd-8dba-af5cb7511552,3749,john_doe 143,john.doe143@example.com
0032db89-0c4c-48cc-8faf-ce916f2d1447,5160,john_doe 749,john.doe749@example.com
0033078a-5b41-4db3-99d8-43c2912488c1,6751,john_doe 400,john.doe400@example.com
003325ad-2c61-4556-b3e4-6a669b58ea0a,4603,john_doe 684,john.doe684@example.com
003345bb-d4ed-4857-959a-850bd64ef0f5,1876,john_doe 993,john.doe993@example.com
003353a6-36a9-4799-a18e-ef08c7504a69,8519,john_doe 13,john.doe13@example.com
003384cf-62b7-490d-9a6c-c4a17f73a2ee,2207,john_doe 451,john.doe451@example.com
0033a858-bc3c-46c6-abe6-f21ce68027e1,5715,john_doe 37,john.doe37@example.com
0033c69b-1d8b-4255-9173-a595e22e6b88,1324,john_doe 896,john.doe896@example.com
0033caf3-9cb8-4647-ba6c-9823c5aeaaf1,4116,john_doe 988,john.doe988@example.com
0033df3a-82b9-45da-8dac-7dff2a8c80a2,11944,john_doe 798,john.doe798@example.com
0033e1d1-5152-4e57-bc8d-d3a8af8cab99,1856,john_doe 888,john.doe888@example.com
003427ef-35e7-43dd-abd8-db7d805f6a4d,2536,john_doe 590,john.doe590@example.com
003447e7-d5cf-49a6-95e9-87fa41620829,6813,john_doe 719,john.doe719@example.com
003453a1-a21b-44c0-8ece-a54340e41c7e,1349,john_doe 152,john.doe152@example.com
00348790-3394-4193-b78c-e4ecf1429959,11707,john_doe 696,john.doe696@example.com
0034a6fd-1a1a-48fb-9289-82c126973f99,12391,john_doe 7,john.doe7@example.com
0034a864-067b-44b5-aeea-59d57ef09ab9,2678,john_doe 45,john.doe45@example.com
0034f082-b87c-4ab8-8de9-aa45ef8b7ab6,7654,john_doe 385,john.doe385@example.com
0034fadf-c448-4105-9fd4-613071ab3806,8880,john_doe 985,john.doe985@example.com
003501ca-f640-4ebb-823d-1bfe24fc531d,2452,john_doe 500,john.doe500@example.com
0036757f-af6a-4068-8356-8a077d8e49a2,11001,john_doe 589,john.doe589@example.com
00369350-e48c-495c-ab55-0c8d2413e152,747,john_doe 67,john.doe67@example.com
00369991-d6df-4881-bde8-64342be396b7,6130,john_doe 689,john.doe689@example.com
003699b1-bcfb-41bd-81fc-594b2ff0c290,13800,john_doe 480,john.doe480@example.com
0036c004-4d5d-4436-bb05-fd5a69eb33fe,14154,john_doe 84,john.doe84@example.com
00373534-7b7d-409d-83f0-b6e1a1daeab2,9262,john_doe 600,john.doe600@example.com
00374382-3438-4977-bcaf-cfdfb6560447,9049,john_doe 134,john.doe134@example.com
00379816-8801-44cc-b8a1-b220aa4ca6b2,76,john_doe 432,john.doe432@example.com
0037a59b-33cc-4c59-ba3c-ed5001a97c00,5074,john_doe 311,john.doe311@example.com
0037bad8-54ee-4329-9d52-04520b310b42,9778,john_doe 9,john.doe9@example.com
0037c273-f1fb-46d8-9d47-e34c932d5a16,7757,john_doe 64,john.doe64@example.com
0037d179-0103-4069-ba3b-0c3a8d73ab93,10506,john_doe 958,john.doe958@example.com
00381997-d9f5-4d6a-87e8-410d1fa66cf5,1943,john_doe 180,john.doe180@example.com
00382c22-aba9-4063-b381-606af2bec5a8,8804,john_doe 686,john.doe686@example.com
00383116-17b5-4b28-8c6b-201c6b33a449,1574,john_doe 160,john.doe160@example.com
0038575b-4be7-4599-b781-a918929b98e7,3043,john_doe 940,john.doe940@example.com
0038862e-01cb-4697-9f8f-25e533b20775,5923,john_doe 661,john.doe661@example.com
0038a32a-dd5e-4f56-bf6b-f514bdcbb1a9,12133,john_doe 806,john.doe806@example.com
00392dae-983a-4617-b781-2862b2fbcc8f,1549,john_doe 966,john.doe966@example.com
00397560-7d09-48d6-9f3b-39d25458918d,14277,john_doe 767,john.doe767@example.com
0039cbc4-898d-43b9-b687-fa28694d54d5,5863,john_doe 190,john.doe190@example.com
003a0cab-7899-4f8e-b50f-c517a157bbcd,10333,john_doe 337,john.doe337@example.com
003a2a96-6756-4fe3-98a7-246ace6e2aea,2330,john_doe 656,john.doe656@example.com
003ad370-37ef-4f54-82a5-15222b67bdb7,5059,john_doe 602,john.doe602@example.com
003adcb5-d8aa-4191-b13d-7088d012ae66,14850,john_doe 46,john.doe46@example.com
003ae396-e25a-402c-9ca8-84165b1b91eb,10933,john_doe 6,john.doe6@example.com
003b44ff-1d11-45f0-af2c-4de735f084c2,6486,john_doe 855,john.doe855@example.com
003b4977-fac8-4403-bcaf-6ea6f11b3465,1971,john_doe 197,john.doe197@example.com
003b60b2-576d-4483-bf88-2f61f8d00885,10595,john_doe 220,john.doe220@example.com
003b8656-c3a0-4f88-81e9-833481132d61,8320,john_doe 256,john.doe256@example.com
003b9dd8-92c6-4d17-a8b2-e908688d8cab,754,john_doe 238,john.doe238@example.com
003bb3e0-3034-47ee-86c8-d7d3e258e64e,12764,john_doe 756,john.doe756@example.com
003bcee8-b826-469a-9597-9bceeb1b053e,13774,john_doe 327,john.doe327@example.com
003c2969-f6f2-4145-9162-e4e66611cff9,4402,john_doe 779,john.doe779@example.com
003c47b9-949f-4f98-a570-94fa64ff1499,6019,john_doe 782,john.doe782@example.com
003c59b7-53a5-4068-858a-f04d3ce7fd1b,9885,john_doe 780,john.doe780@example.com
003cbf3f-705b-4979-9950-4b65eebe13f7,10999,john_doe 129,john.doe129@example.com
003cd6aa-2b0a-4e8f-9170-c72c267b8f3e,2594,john_doe 443,john.doe443@example.com
003cdc97-fce6-4279-966e-e3858fee885e,9243,john_doe 337,john.doe337@example.com
003d0ed8-5941-4103-90b0-a8be449a60b6,12814,john_doe 399,john.doe399@example.com
003d2dda-e64d-481b-9ecb-ab73523b9738,1754,john_doe 908,john.doe908@example.com
003d893b-d5b4-463a-8b65-d4e28e729790,14164,john_doe 819,john.doe819@example.com
003d986f-7e8d-44f2-a3b9-db7ebfe7ecbd,11707,john_doe 21,john.doe21@example.com
003db2ac-b5c4-4ae2-9c95-74033bd86f33,10151,john_doe 829,john.doe829@example.com
003dd0fe-b7a8-4624-bfb9-e57a0d48d7f3,3508,john_doe 815,john.doe815@example.com
003dd3bb-d0af-43a6-b175-742603f120bf,1519,john_doe 822,john.doe822@example.com
003dea91-ddd9-47f2-815c-f3db47f83fe3,10832,john_doe 656,john.doe656@example.com
003e1b68-3c01-4f3c-a0ac-ed318fb24bad,12090,john_doe 245,john.doe245@example.com
003e1cab-4fb5-4d94-af92-45a14c0a450c,9147,john_doe 354,john.doe354@example.com
003e8f4c-301b-44bb-ad1b-6068490af311,619,john_doe 243,john.doe243@example.com
003ea089-564e-49ff-ad1a-af83923ffa0d,1284,john_doe 329,john.doe329@example.com
003ea326-050d-4913-ae93-358085242dbe,2566,john_doe 454,john.doe454@example.com
003ece99-c593-49ab-a8fb-0950dc30786d,6798,john_doe 532,john.doe532@example.com
003ef243-be4a-4226-b2ed-492d30e4c660,9194,john_doe 44,john.doe44@example.com
003f2bda-c3f4-4505-8299-4fe72604c6d8,2288,john_doe 274,john.doe274@example.com
003f34ba-2ea0-4fe3-a801-637ed4aae071,6036,john_doe 430,john.doe430@example.com
003f37f2-e9f6-494d-80f7-93e6161f8b88,7817,john_doe 223,john.doe223@example.com
003f3c06-ea63-4eb3-ba9c-f5dd1f26c9be,4262,john_doe 980,john.doe980@example.com
003fb3c0-d738-482f-a7e4-d8e4a3bd2dbf,946,john_doe 417,john.doe417@example.com
003fd3be-707b-451d-8087-3fabff076093,14827,john_doe 197,john.doe197@example.com
003fef9d-738c-4c82-ae2e-14c4bd0e05aa,11310,john_doe 938,john.doe938@example.com
003ff2e4-f06b-4e3f-941a-9ce9a7ef10a2,7289,john_doe 489,john.doe489@example.com
003ffad8-8eef-4874-a48c-9b6a3cd5a4ce,9422,john_doe 95,john.doe95@example.com
004087dc-3456-4933-a9f8-432a6bc794db,5778,john_doe 262,john.doe262@example.com
0040a858-a760-47b4-a582-ca2f926647ef,14177,john_doe 328,john.doe328@example.com
0040dbc5-f679-43d7-bfc6-3608cea2fecb,8074,john_doe 295,john.doe295@example.com
0040e66f-437c-431c-b957-3c157543213d,3943,john_doe 816,john.doe816@example.com
0040eafb-9ce9-4493-9116-b46c104aac87,9283,john_doe 988,john.doe988@example.com
0040edd4-b0b4-4b01-9a0b-88087282ddad,12201,john_doe 801,john.doe801@example.com
00410425-12af-499d-a5f2-1900d6704c82,11437,john_doe 394,john.doe394@example.com
004134e0-c766-4f00-b09c-288af14928b1,213,john_doe 219,john.doe219@example.com
00415ffa-ac9e-460c-a582-648be8778d90,8556,john_doe 949,john.doe949@example.com
0041a8d8-77ce-47bd-8640-e60db26798fd,10456,john_doe 6,john.doe6@example.com
0041da21-d91b-4e04-ba14-e7f776f7f539,11318,john_doe 946,john.doe946@example.com
0041da52-cbf8-4319-9f63-67ea1cc7423b,8849,john_doe 83,john.doe83@example.com
00421d2c-b9dd-4153-b835-572329090e9a,115,john_doe 45,john.doe45@example.com
00424a75-7f34-4005-b54e-4b4753d4e12b,13344,john_doe 420,john.doe420@example.com
00429d76-ef8f-4745-a7e6-947555d7e7c0,2832,john_doe 105,john.doe105@example.com
0042c077-c3c2-4a31-a00f-564d8976f6bc,4470,john_doe 218,john.doe218@example.com
00431daa-aa2a-4abe-8051-e0e7f0865c85,7310,john_doe 632,john.doe632@example.com
004331f6-e1cf-4e53-8220-6f80aafe958d,5972,john_doe 146,john.doe146@example.com
004350a3-67d0-4d45-944d-1f4ed3f7af35,561,john_doe 56,john.doe56@example.com
0043b0e3-665c-4437-8b5d-e978fc28bf0e,1870,john_doe 432,john.doe432@example.com
00441f9c-88b0-4bf9-8d2a-cda576c66090,1093,john_doe 45,john.doe45@example.com
00443137-20bf-46b5-9742-2093e010036b,2630,john_doe 817,john.doe817@example.com
00444a29-e19f-46b2-b9b7-e3d1774deb34,2198,john_doe 243,john.doe243@example.com
004460dc-ef49-46d4-b22a-bd95644432ac,1805,john_doe 954,john.doe954@example.com
00446f27-e842-4cb8-a8d8-e1f1bd4c8329,5921,john_doe 650,john.doe650@example.com
00448348-bc06-47b0-9dfe-7f902ccf0b69,7829,john_doe 592,john.doe592@example.com
00450966-003b-418a-ad61-d7a7967f6e8a,6847,john_doe 482,john.doe482@example.com
00452547-f75b-4b0b-b89f-573fe80d6235,12710,john_doe 373,john.doe373@example.com
004528b2-b36e-4e07-947b-f82e784bc8d5,12656,john_doe 530,john.doe530@example.com
0045377a-d55a-4d0a-835f-7039efb529c2,9824,john_doe 397,john.doe397@example.com
0045493c-74c1-41ee-a373-d0820cd588ef,6469,john_doe 139,john.doe139@example.com
00458e9b-7649-43d2-9359-4e24e58cb496,14787,john_doe 110,john.doe110@example.com
0045bdf1-0445-4fcc-9c34-0794ad99a425,839,john_doe 231,john.doe231@example.com
0045f456-f57c-4736-bf3e-8be3a48c9cb7,6889,john_doe 582,john.doe582@example.com
0046081b-c5be-4e2e-b7a5-f1c49fa6445a,2344,john_doe 907,john.doe907@example.com
00462620-59f0-4540-be32-406d9824c084,10475,john_doe 687,john.doe687@example.com
00462d51-9a35-43bc-b1b2-de9d9ba45f58,878,john_doe 170,john.doe170@example.com
004637d8-de00-42f1-89b2-a3cfc0031e9d,1266,john_doe 348,john.doe348@example.com
0046401c-7074-4864-8468-8c32e33a619d,177,john_doe 472,john.doe472@example.com
004645c0-45ae-400f-9959-8357b904f9af,12604,john_doe 512,john.doe512@example.com
004658b7-ebbb-4a69-8fc9-5ebfc513951d,13513,john_doe 414,john.doe414@example.com
004693af-962e-4d26-ac16-5f91e827a2d2,7927,john_doe 493,john.doe493@example.com
0046c3b1-cc6a-4b73-b253-cf7028e653ad,14126,john_doe 224,john.doe224@example.com
004709c7-58bc-494b-9711-5944535bfa5b,10261,john_doe 924,john.doe924@example.com
00474158-67a4-461c-b93c-a63c7387e92f,13815,john_doe 966,john.doe966@example.com
00474665-0323-49c7-861a-2c8090f1eddf,12759,john_doe 689,john.doe689@example.com
00477b38-4949-4445-b93d-4ffc953b5c9f,3999,john_doe 521,john.doe521@example.com
0047a3d4-3d4f-4b82-bff2-73760fbbc767,1633,john_doe 763,john.doe763@example.com
00481245-732a-47be-8b28-6a2479a0d5f7,12011,john_doe 823,john.doe823@example.com
00482f70-e9f8-4245-b1f9-080eeb559186,8451,john_doe 326,john.doe326@example.com
0048afee-772f-4267-b9ad-6ef3443269db,6547,john_doe 52,john.doe52@example.com
004932b5-6f8c-4760-bcf3-9e67b1784964,3340,john_doe 425,john.doe425@example.com
004a2929-19da-4a7e-96fa-111dfd5fd3cc,5506,john_doe 829,john.doe829@example.com
004a411b-39b9-44e8-836a-861227dc2653,3711,john_doe 167,john.doe167@example.com
004a9866-944e-4ad2-8902-0c829a9bb52a,5621,john_doe 725,john.doe725@example.com
004aa464-ba0e-42f2-b3c6-3e1c42bcef7e,13392,john_doe 421,john.doe421@example.com
004aa9f9-c3c2-479e-b951-6deb9a7d747a,2479,john_doe 567,john.doe567@example.com
004b3c00-015a-4ee1-8e49-39b447b316ca,11381,john_doe 487,john.doe487@example.com
004b5983-48ae-424f-bf1b-e4077a534f7f,8552,john_doe 766,john.doe766@example.com
004b5ca1-03b7-46f4-be3e-f11c21aa5ef2,5561,john_doe 1000,john.doe1000@example.com
004b7bc7-a73d-445e-8fd3-d863ce5cc5fa,12950,john_doe 489,john.doe489@example.com
004b8104-83f7-4ac8-914e-b3653aafe13a,1855,john_doe 698,john.doe698@example.com
004b8e86-7b80-42d9-8ef2-9913448fbc4a,8500,john_doe 439,john.doe439@example.com
004bd7cd-0931-41e7-8874-8442c3a6d808,14108,john_doe 415,john.doe415@example.com
004c101f-4289-4f96-a9b4-30e48b7991ef,6794,john_doe 514,john.doe514@example.com
004c50ad-a1c7-446a-a4de-a1e9389ec0b5,3703,john_doe 167,john.doe167@example.com
004c51cf-5ecf-467c-ba97-ad9428d8933f,5205,john_doe 968,john.doe968@example.com
004c5885-2fd1-4b98-aade-7816b0bbadbd,2588,john_doe 197,john.doe197@example.com
004c8fb7-eeb6-43c1-be4b-457ba1e4de13,12778,john_doe 153,john.doe153@example.com
004cb8d8-de4a-4413-ae24-d9b9f480deff,2437,john_doe 286,john.doe286@example.com
004cf712-118c-47dc-8079-dbc4c0f82926,8039,john_doe 312,john.doe312@example.com
004d0bc0-4a75-4eb1-b223-149c1cbb39d2,6663,john_doe 223,john.doe223@example.com
004d148c-a4c9-48eb-a116-281523ba5647,13724,john_doe 753,john.doe753@example.com
004d2e56-62ea-45da-9c1f-b9f3d10dd1ab,10629,john_doe 939,john.doe939@example.com
004d3f40-22f0-4d7f-839e-55f82ddfc5ac,13183,john_doe 513,john.doe513@example.com
004d8884-d9a0-4626-99ee-a8a9036184be,9839,john_doe 277,john.doe277@example.com
004d8ff1-996a-4a2a-b21e-1fc6d5b40c2d,3006,john_doe 291,john.doe291@example.com
004e1ecc-11a9-40d5-96c5-5ec48b584d79,7656,john_doe 49,john.doe49@example.com
004e5b80-3344-48ca-a90f-4195ac64e591,264,john_doe 953,john.doe953@example.com
004e6ebb-7a81-4c62-af69-81aa379faf83,4078,john_doe 782,john.doe782@example.com
004e7dd3-3201-4403-b125-1283aed3744c,8931,john_doe 855,john.doe855@example.com
004e87b3-a3ae-4c52-9acf-4d7be72ca3ff,13916,john_doe 535,john.doe535@example.com
004f04c3-1fd8-432a-aa02-b9c7bb2230bf,2789,john_doe 652,john.doe652@example.com
004f0dc0-e789-440b-99af-e08533e65ac1,1162,john_doe 323,john.doe323@example.com
004f388a-642b-4bd6-ac3d-a8672e192c19,12526,john_doe 589,john.doe589@example.com
004f598c-770e-4599-becf-c51f8d73968b,12485,john_doe 698,john.doe698@example.com
004f9eaf-b3c4-4661-a3ba-e3d2cfc740d4,6643,john_doe 751,john.doe751@example.com
004faa9c-eade-4856-a464-042f9d8f9fc9,4989,john_doe 303,john.doe303@example.com
004fdc7f-c83a-4fa3-8207-d9cdae72b83e,7023,john_doe 435,john.doe435@example.com
004ff083-2185-4a1b-9d17-4b9d92ee7e11,3634,john_doe 351,john.doe351@example.com
00508123-995d-4033-9b6e-6fd7952a276b,5356,john_doe 767,john.doe767@example.com
0050c7d2-d52e-418d-a792-e491f0699175,11552,john_doe 908,john.doe908@example.com
0050dae2-c12f-4b91-a6af-360490ad6035,12252,john_doe 817,john.doe817@example.com
00511553-59b9-4cd6-8859-d57691b984dd,1994,john_doe 83,john.doe83@example.com
00512a70-49a2-4adf-9b95-805089ef33b6,4521,john_doe 807,john.doe807@example.com
005167f4-6f7d-4a05-b471-cfb0b1eee1cc,10807,john_doe 673,john.doe673@example.com
0051c63b-3063-40b4-a5ce-525ffe746fd9,496,john_doe 828,john.doe828@example.com
0051c6a0-9fdf-4b8d-9b59-7cac096905f2,9054,john_doe 289,john.doe289@example.com
0051cc55-5356-4d51-9628-311310655420,7738,john_doe 513,john.doe513@example.com
0051fe9e-1a1d-4db1-9c43-12acd3d694aa,11585,john_doe 420,john.doe420@example.com
0052032c-e37c-4031-8826-d73ceca2f6ca,6949,john_doe 141,john.doe141@example.com
00522148-2034-413e-bace-725dcab7c4a6,3555,john_doe 982,john.doe982@example.com
0052931e-9070-415a-9e43-8f992a73f6fa,3794,john_doe 829,john.doe829@example.com
0052b9e9-9d12-4769-b263-ed428d2892c6,36,john_doe 155,john.doe155@example.com
0052bcc6-e5ac-4d65-87e8-acea73ad23b8,13908,john_doe 338,john.doe338@example.com
0052ff62-bf42-407f-b6f4-1dafd25b436f,9721,john_doe 849,john.doe849@example.com
0053209b-0fdf-4abe-bb0b-9c45a2d97fa1,1215,john_doe 190,john.doe190@example.com
005326f5-7151-451d-a1c5-ae94912cf64d,6766,john_doe 97,john.doe97@example.com
00534279-3850-41bb-9bc5-a7e6486700e6,4444,john_doe 854,john.doe854@example.com
005350ce-8435-41cd-ba6b-6a20b42f1edc,4103,john_doe 886,john.doe886@example.com
00536176-b40f-4951-bb27-91936373d1bf,14154,john_doe 91,john.doe91@example.com
00537a94-8511-48c4-8375-43ab8c25b7a4,12453,john_doe 858,john.doe858@example.com
00538535-e3a8-43da-a176-7602e612678b,9158,john_doe 309,john.doe309@example.com
005393b0-f02d-426f-8b59-c7bc2e332791,10380,john_doe 773,john.doe773@example.com
0053c9f8-acc5-417e-9341-ddfb7d351201,12095,john_doe 43,john.doe43@example.com
0053f034-6c1e-4a6b-a307-13a613cef725,11488,john_doe 79,john.doe79@example.com
00543cf7-311a-46ac-9ec4-ce3755cb15ec,5674,john_doe 441,john.doe441@example.com
0054743f-37a8-4515-adb6-18f296750e9b,850,john_doe 664,john.doe664@example.com
00547d11-4bb8-4fa4-9525-bc086eeac51e,5580,john_doe 263,john.doe263@example.com
0054e6bd-6d84-4faa-afd1-2376c3b3a6fd,10137,john_doe 884,john.doe884@example.com
00553229-103f-490a-aa3f-68f3b75ac922,6447,john_doe 49,john.doe49@example.com
00554edd-dfd0-4ac4-a34f-62b42ae33c3c,9521,john_doe 569,john.doe569@example.com
00555154-dd0d-4041-9128-e5e43add6d6d,9549,john_doe 602,john.doe602@example.com
00556a78-3ee0-4b90-9349-dc6b09908f39,5496,john_doe 424,john.doe424@example.com
0055e2a5-8678-4afa-be21-f7deddfa2c8f,11673,john_doe 413,john.doe413@example.com
005620d1-7acd-4908-b9a8-8aee313f2140,13741,john_doe 818,john.doe818@example.com
00565585-98c8-4181-9939-65fb76101212,14847,john_doe 97,john.doe97@example.com
005689cb-930e-4fa7-abd5-4d79d58cf37a,12704,john_doe 881,john.doe881@example.com
0056d878-c555-4443-b67c-3be1c8573fb4,3522,john_doe 457,john.doe457@example.com
00575b16-19a7-44fd-9878-3a0210cb1a07,3952,john_doe 869,john.doe869@example.com
00577487-d32e-4c69-94cf-5655cfff6e38,13218,john_doe 54,john.doe54@example.com
00577489-c985-453b-ac9b-e0acf8b72bcc,3293,john_doe 719,john.doe719@example.com
0057a5b5-dca8-4fea-b8ca-62c4bc9b1a4b,13402,john_doe 305,john.doe305@example.com
0057c29e-3569-4f07-a532-0e511c5be42c,2873,john_doe 327,john.doe327@example.com
0057fbce-392d-4000-8742-552da41e529d,13970,john_doe 330,john.doe330@example.com
00581499-1118-4bbb-9846-b65afbc68c12,1817,john_doe 86,john.doe86@example.com
005819ac-88e0-47a6-bf94-9b0baf74e77d,549,john_doe 449,john.doe449@example.com
0058b26c-1943-43b1-b446-c96c38e80229,14472,john_doe 724,john.doe724@example.com
005908fd-e350-46cd-ac8d-095b1404c74f,2122,john_doe 460,john.doe460@example.com
00594c9e-3dde-40fd-b2b4-e82bc094b93a,2966,john_doe 737,john.doe737@example.com
005950c3-4adf-4a95-b748-75f95e0d57ed,3117,john_doe 738,john.doe738@example.com
00597d4a-dc40-40fa-ba23-72ac45c33194,11692,john_doe 65,john.doe65@example.com
0059a6bf-4396-4912-80ed-45741a8f3d92,13675,john_doe 250,john.doe250@example.com
0059c8b5-603f-47b4-a3bd-2aaf1748a607,6948,john_doe 508,john.doe508@example.com
005a2008-b8dc-45a7-86f8-cd51ee2d5630,10158,john_doe 540,john.doe540@example.com
005a4f60-2d45-4ddc-ac4f-ec11ef26debc,14548,john_doe 396,john.doe396@example.com
005aa4e3-8943-402b-a63c-f8141dbfe0dc,11909,john_doe 901,john.doe901@example.com
005ad7bc-bebf-402a-aadf-fb7239e5f9f7,808,john_doe 265,john.doe265@example.com
005af628-7568-4bc0-b969-95539196b1f8,14452,john_doe 733,john.doe733@example.com
005b26cb-0533-4045-b748-42cbaf4f2bad,1692,john_doe 573,john.doe573@example.com
005b2b29-7f64-4927-a810-5654f77d17bd,13678,john_doe 168,john.doe168@example.com
005b74ba-a536-4ec8-ab73-26c2ba9fc7b2,1099,john_doe 970,john.doe970@example.com
005b818f-c7db-443a-9c63-e76fc147e45d,4861,john_doe 8,john.doe8@example.com
005c0913-85ac-475c-9fe4-c3b977209235,4630,john_doe 212,john.doe212@example.com
005c2a01-e3c1-4750-a375-4dcdafb6f1e9,1449,john_doe 143,john.doe143@example.com
005c5340-406f-4bb9-9f4d-d793c49e140a,302,john_doe 306,john.doe306@example.com
005c7fde-5d55-480f-8e57-f6137e600893,8650,john_doe 942,john.doe942@example.com
005c9f2c-e3a1-4adb-b2ef-c6917419e156,12891,john_doe 88,john.doe88@example.com
005cce63-0374-4a04-97bf-dfe961e574ec,6185,john_doe 657,john.doe657@example.com
005cf2ad-a44c-4585-9364-abf13fc02bbe,11007,john_doe 985,john.doe985@example.com
005d0afb-cf19-40b7-9f24-eca23ac309dd,11660,john_doe 386,john.doe386@example.com
005d2254-2ede-40ad-91ff-d1930d65acac,866,john_doe 971,john.doe971@example.com
005d3f24-7c5d-4d49-b689-3233a869cb06,14807,john_doe 173,john.doe173@example.com
005d40a3-a549-45d9-9962-72cd7c25b8e6,2876,john_doe 275,john.doe275@example.com
005d652b-38f6-4655-a298-7c24c7f74c25,10836,john_doe 810,john.doe810@example.com
005e33e7-f1a6-4b56-8670-5e6a18a2682f,11856,john_doe 249,john.doe249@example.com
005e4df3-99a3-41d1-9bcb-4880a6f2ad33,1544,john_doe 753,john.doe753@example.com
005e580c-b42e-4041-bceb-43419b60c106,2111,john_doe 887,john.doe887@example.com
005eaa6c-bae4-4de5-8686-04601ea7d882,10914,john_doe 903,john.doe903@example.com
005f2a04-f2be-4b42-a82f-c48b65a5aab6,649,john_doe 688,john.doe688@example.com
005f32ef-f69b-4e7b-a905-6ef294417c15,11749,john_doe 797,john.doe797@example.com
005f3b39-1b91-4bfb-a1c4-26f0b9620afc,14622,john_doe 863,john.doe863@example.com
005f7c0a-3e98-4ecb-8e51-141f1b9389ae,7410,john_doe 330,john.doe330@example.com
005fd490-9565-4191-9ea3-d00f9911cf3b,7280,john_doe 862,john.doe862@example.com
005fe0ef-8a80-4f5e-aceb-5a94062679f8,11259,john_doe 743,john.doe743@example.com
005feb1d-8a9d-4cf3-85b9-f5eac82b08ed,14222,john_doe 396,john.doe396@example.com
006095d6-656f-4d0e-af49-9746ed6e3604,3780,john_doe 976,john.doe976@example.com
00609758-6298-47d3-aa84-922e83743f57,4322,john_doe 878,john.doe878@example.com
0060d3bf-e295-4960-b2ec-b8ec70296037,12684,john_doe 366,john.doe366@example.com
0060edec-79a3-4093-afd4-29c2e9011b5e,3885,john_doe 980,john.doe980@example.com
0060f47e-224e-4a85-802f-30e5bd4d6e47,3603,john_doe 991,john.doe991@example.com
006161e3-6439-4037-bd15-cd11bab4277f,14126,john_doe 306,john.doe306@example.com
00617aad-7a7e-4452-9ea5-40ceed52361c,8444,john_doe 991,john.doe991@example.com
0061830a-bcde-4a6f-b394-fbcbb87d9b22,6182,john_doe 225,john.doe225@example.com
00619085-bcbc-4a46-88d7-a0ef22965666,4863,john_doe 526,john.doe526@example.com
0061a1f9-5c00-4967-a2c1-95ebd7a5b13c,14688,john_doe 322,john.doe322@example.com
0061cbb5-b065-47b0-ad60-855efed8d70d,9739,john_doe 631,john.doe631@example.com
0061e2ab-6785-4f49-83eb-e6f95598f327,5512,john_doe 145,john.doe145@example.com
0061e369-5bca-4590-9abc-2e737f69bdb1,596,john_doe 413,john.doe413@example.com
0062507a-7a7d-471d-ba13-23ecba02b061,10995,john_doe 561,john.doe561@example.com
0062599b-c75a-4945-b416-49bf6eee387d,13613,john_doe 895,john.doe895@example.com
006289ce-4eb3-4b1a-9759-16135d1dcf57,12800,john_doe 944,john.doe944@example.com
00629545-43c8-40ea-84db-a599440dc0f4,834,john_doe 981,john.doe981@example.com
0062a231-ba8d-483d-8a36-ebedb9e4d0a1,3068,john_doe 781,john.doe781@example.com
0062c694-a363-4b91-8346-340533a15960,14218,john_doe 74,john.doe74@example.com
0062db74-313b-401f-80bf-190533eb6e88,1082,john_doe 422,john.doe422@example.com
006374b3-038c-466a-9903-55f0ce76ee77,3738,john_doe 783,john.doe783@example.com
00638dc8-91eb-4210-a8c5-c77a6569b6ee,5622,john_doe 630,john.doe630@example.com
006395d0-4c2d-43e8-ae4d-970938a72be4,3192,john_doe 871,john.doe871@example.com
0063e322-1ea4-4326-a903-d0b4c725ad43,6110,john_doe 473,john.doe473@example.com
0063e824-d577-4f89-981d-e560450e11fa,12519,john_doe 477,john.doe477@example.com
0064228a-bb7d-4deb-9879-bd99b2528e92,9960,john_doe 254,john.doe254@example.com
00642f8e-33dd-446a-a444-414153e851a1,3339,john_doe 94,john.doe94@example.com
00644983-6639-413b-86ed-473674dc6a2d,13688,john_doe 402,john.doe402@example.com
0064a3b9-b799-4358-85a7-21b54cdad324,2035,john_doe 810,john.doe810@example.com
0064a79d-2285-4ab6-9e6c-2dc80fa21369,9896,john_doe 259,john.doe259@example.com
0064fb94-7e90-4d30-8e3e-ae98ccfa30ec,14623,john_doe 708,john.doe708@example.com
00651b60-2928-4d58-9cc0-42e6fbba06bf,8024,john_doe 745,john.doe745@example.com
